BouCha2ra,http://ow.ly/1Q3Ij,1
FootballArabia,http://jamaheer.arabia.eurosport.com,1
FootballArabia,http://ow.ly/1NB0X,1
FootballArabia,http://ow.ly/1NCkw,1
FootballArabia,http://ow.ly/1NCzw,1
FootballArabia,http://ow.ly/1NEdA,1
FootballArabia,http://ow.ly/1NGWq,1
FootballArabia,http://ow.ly/1NHfl,1
FootballArabia,http://ow.ly/1Nz1c,1
FootballArabia,http://ow.ly/1O3IF,1
FootballArabia,http://ow.ly/1O3eD,1
FootballArabia,http://ow.ly/1O4vl,1
FootballArabia,http://ow.ly/1O6hD,1
FootballArabia,http://ow.ly/1OIKW,1
FootballArabia,http://ow.ly/1OIcV,1
FootballArabia,http://ow.ly/1OIf7,1
FootballArabia,http://ow.ly/1OIpq,1
FootballArabia,http://ow.ly/1OJDl,1
FootballArabia,http://ow.ly/1OanJ,1
FootballArabia,http://ow.ly/1OgEC,1
FootballArabia,http://ow.ly/1Ogul,1
FootballArabia,http://ow.ly/1OvP5,1
FootballArabia,http://ow.ly/1OvWh,1
FootballArabia,http://ow.ly/1Owyu,1
FootballArabia,http://ow.ly/1P0c6,1
FootballArabia,http://ow.ly/1P0nU,1
FootballArabia,http://ow.ly/1P7UG,1
FootballArabia,http://ow.ly/1PavZ,1
FootballArabia,http://ow.ly/1Pvqc,1
FootballArabia,http://ow.ly/1PwCA,1
FootballArabia,http://ow.ly/1Q2vc,1
FootballArabia,http://ow.ly/1Q5Um,1
FootballArabia,http://ow.ly/1Q5n9,1
FootballArabia,http://ow.ly/1Q6L9,1
FootballArabia,http://ow.ly/1QbSN,1
FootballArabia,http://ow.ly/1QzR5,1
FootballArabia,http://ow.ly/1QzjQ,1
FootballArabia,http://ow.ly/1Raq5,1
FootballArabia,http://ow.ly/1RvOT,1
FootballArabia,http://ow.ly/1S1mp,1
FootballArabia,http://ow.ly/1S4t9,1
FootballArabia,http://ow.ly/1S7Xm,1
FootballArabia,http://ow.ly/1S8v9,1
FootballArabia,http://ow.ly/1SWdR,1
FootballArabia,http://ow.ly/1Ss06,1
FootballArabia,http://ow.ly/1SvrE,1
FootballArabia,http://ow.ly/1TBuZ,1
FootballArabia,http://ow.ly/1TEfo,1
FootballArabia,http://ow.ly/1TtHX,1
FootballArabia,http://ow.ly/1Tv8K,1
FootballArabia,http://ow.ly/1Ussh,1
FootballArabia,http://ow.ly/1VIEM,1
H_H2O,http://ow.ly/1Q3Ij,1
Mohanad_Salamah,http://ow.ly/1OIcV,1
llltimlll,http://ow.ly/1P0c6,1
marwanitani,http://jamaheer.arabia.eurosport.com,1
marwanitani,http://ow.ly/1NHzY,1
marwanitani,http://ow.ly/1O9KD,1
marwanitani,http://ow.ly/1OgL9,1
marwanitani,http://ow.ly/1Owpz,1
marwanitani,http://ow.ly/1PDEc,1
marwanitani,http://ow.ly/1PHmN,1
marwanitani,http://ow.ly/1PbCY,1
marwanitani,http://ow.ly/1PxEa,1
marwanitani,http://ow.ly/1Q1Yt,1
marwanitani,http://ow.ly/1Q3Ij,1
marwanitani,http://ow.ly/1Q43d,1
marwanitani,http://ow.ly/1QAbL,1
marwanitani,http://ow.ly/1QCWy,1
marwanitani,http://ow.ly/1QDjj,1
marwanitani,http://ow.ly/1QFQE,1
marwanitani,http://ow.ly/1QKGJ,1
marwanitani,http://ow.ly/1RddK,1
marwanitani,http://ow.ly/1RfUU,1
marwanitani,http://ow.ly/1Rvvn,1
marwanitani,http://ow.ly/1RxgB,1
marwanitani,http://ow.ly/1S2ph,1
marwanitani,http://ow.ly/1S3Q0,1
marwanitani,http://ow.ly/1SYsv,1
marwanitani,http://ow.ly/1SoJC,1
marwanitani,http://ow.ly/1SqNy,1
marwanitani,http://ow.ly/1Sqi1,1
marwanitani,http://ow.ly/1Ssxr,1
marwanitani,http://ow.ly/1UG5B,1
marwanitani,http://ow.ly/1UG9j,1
marwanitani,http://ow.ly/1UaDr,1
marwanitani,http://ow.ly/1UsMO,1
marwanitani,http://ow.ly/1V2mo,1
marwanitani,http://ow.ly/1VyF2,1
